Case_Title,Source,Case_Type,Difficulty,File_Name,Start_Page,End_Page,Prompt,Exhibits
Market Sizing,NYU Stern 2008,Strategy,Intermediate,NYU Stern 2008.pdf,5,6
Business Transformation,NYU Stern 2008,Strategy,Intermediate,NYU Stern 2008.pdf,7,8
New business (unconventional context),NYU Stern 2008,Strategy,Intermediate,NYU Stern 2008.pdf,9,11
New market entry,NYU Stern 2008,and your client recently,Intermediate,NYU Stern 2008.pdf,12,15
"Pricing Strategy, Competitive Response, Supply Chain",NYU Stern 2008,Strategy,Intermediate,NYU Stern 2008.pdf,16,17
New market entry/Market size,NYU Stern 2008,Strategy,Intermediate,NYU Stern 2008.pdf,18,20
New Market Entry,NYU Stern 2008,Strategy,Intermediate,NYU Stern 2008.pdf,21,23
Increase profitability,NYU Stern 2008,Strategy,Intermediate,NYU Stern 2008.pdf,24,25
Response to Competitor,NYU Stern 2008,Strategy,Intermediate,NYU Stern 2008.pdf,26,26
Torch the Case 2008,NYU Stern 2008,publications,Intermediate,NYU Stern 2008.pdf,27,28
"Operations, Outsourcing, Cost reduction",NYU Stern 2008,Strategy,Intermediate,NYU Stern 2008.pdf,29,32
Marketing Launch (Understanding pharmaceutical value chain),NYU Stern 2008,Strategy,Intermediate,NYU Stern 2008.pdf,33,35
Marketing strategy,NYU Stern 2008,Strategy,Intermediate,NYU Stern 2008.pdf,36,37
"Competitive response, increase profits, turnaround",NYU Stern 2008,Strategy,Intermediate,NYU Stern 2008.pdf,38,43
Increase Profits,NYU Stern 2008,Strategy,Intermediate,NYU Stern 2008.pdf,44,44
Accounting,NYU Stern 2008,Strategy,Intermediate,NYU Stern 2008.pdf,45,45
Increase Revenues,NYU Stern 2008,Strategy,Intermediate,NYU Stern 2008.pdf,46,46
New Market Entry/Pricing,NYU Stern 2008,Strategy,Intermediate,NYU Stern 2008.pdf,47,48
Profitability / Data Analysis,NYU Stern 2008,Strategy,Intermediate,NYU Stern 2008.pdf,49,63
Retail Bank (McKinsey – Case Contest),Michigan Ross 2011,Financial Services,Intermediate,Michigan Ross 2011.pdf,27,36
ChairCo. (BCG Round 1),Michigan Ross 2011,Manufacturing,Foundational,Michigan Ross 2011.pdf,37,43
Molds R’ Us (Bain Round 1),Michigan Ross 2011,Manufacturing,Advanced,Michigan Ross 2011.pdf,44,49
Dr. Rossman’s Magic Eye Drops (Bain Round 1),Michigan Ross 2011,Strategy,Foundational,Michigan Ross 2011.pdf,50,56
Baby Dinosaur (McKinsey Round 1),Michigan Ross 2011,Other,Foundational,Michigan Ross 2011.pdf,57,59
Save Mart Distribution (Accenture Round 1),Michigan Ross 2011,Retail,Intermediate,Michigan Ross 2011.pdf,60,63
Diesel Transportation (AT Kearney Round 1),Michigan Ross 2011,Transportation,Intermediate,Michigan Ross 2011.pdf,64,69
Midwest Hospital (BCG Final Round),Michigan Ross 2011,Healthcare,Advanced,Michigan Ross 2011.pdf,70,76
Caribbean Pay Phone (Bain Final Round),Michigan Ross 2011,Telecom,Intermediate,Michigan Ross 2011.pdf,77,81
Hotel Co. Spinoff (Bain Final Round),Michigan Ross 2011,Hospitality,Advanced,Michigan Ross 2011.pdf,82,89
Upscale Restaurant (McKinsey Final Round),Michigan Ross 2011,Hospitality,Advanced,Michigan Ross 2011.pdf,90,93
Marie’s Café,Michigan Ross 2011,Hospitality,Intermediate,Michigan Ross 2011.pdf,94,101
Chinatown Bus ,Michigan Ross 2011,Transportation,Intermediate,Michigan Ross 2011.pdf,102,106
Content Publisher and Distributor,Michigan Ross 2011,Online Services,Intermediate,Michigan Ross 2011.pdf,107,115
Ross – Summer Employment ,Michigan Ross 2011,Education,Intermediate,Michigan Ross 2011.pdf,116,120
Bolly Flix ,Michigan Ross 2011,Media,Advanced,Michigan Ross 2011.pdf,121,130
Retailer Business Restaurant,Michigan Ross 2011,Retail,Advanced,Michigan Ross 2011.pdf,131,134
Electric Auto Manufacturer ,Michigan Ross 2011,Automotive,Advanced,Michigan Ross 2011.pdf,135,145
Pharmacy in Grocery Store,Michigan Ross 2011,Strategy,Intermediate,Michigan Ross 2011.pdf,146,150
Lonestar Oil,Michigan Ross 2011,Energy Retail,Intermediate,Michigan Ross 2011.pdf,151,155
¬© 2013 Kellogg Consulting Club  -- All Rights Rese,Kellogg 2013,overviews,Intermediate,Kellogg 2013.pdf,3,4
Lays out the ideal structure for the case and includes hints on how to walk through,Kellogg 2013,Strategy,Intermediate,Kellogg 2013.pdf,5,6
GoNet Internet Service Provider,Kellogg 2013,Technology,Intermediate,Kellogg 2013.pdf,47,51
Maine Apples,Kellogg 2013,Consumer Goods,Intermediate,Kellogg 2013.pdf,52,56
Orrington Office Supplies (OOS),Kellogg 2013,Consumer Products,Intermediate,Kellogg 2013.pdf,57,64
Syzygy Supercomputers,Kellogg 2013,Tech & Telecom,Advanced,Kellogg 2013.pdf,65,73
Winter Olympics Bidding,Kellogg 2013,Media & Entertainment,Intermediate,Kellogg 2013.pdf,74,77
Rotisserie Ranch,Kellogg 2013,Consumer Goods,Intermediate,Kellogg 2013.pdf,78,83
Tarrant Fixtures,Kellogg 2013,Industrial goods,Intermediate,Kellogg 2013.pdf,84,87
Vindaloo Corporation,Kellogg 2013,Consumer products,Intermediate,Kellogg 2013.pdf,88,94
Zephyr Beverages,Kellogg 2013,Consumer Goods,Foundational,Kellogg 2013.pdf,95,98
A+ Airline Co.,Kellogg 2013,Airline,Advanced,Kellogg 2013.pdf,99,104
Bell Computer Inc.,Kellogg 2013,Improving profitability,Advanced,Kellogg 2013.pdf,105,112
Shermer Pharma,Kellogg 2013,Health Care,Intermediate,Kellogg 2013.pdf,113,120
Hospitality Co,Kellogg 2013,Leisure,Intermediate,Kellogg 2013.pdf,121,125
Rock Energy,Kellogg 2013,Energy,Intermediate,Kellogg 2013.pdf,126,131
Orange Retailer Co.,Kellogg 2013,Retail,Intermediate,Kellogg 2013.pdf,132,137
"Vitality Insurance, Inc.",Kellogg 2013,Financial Services,Intermediate,Kellogg 2013.pdf,138,144
Chic Cosmetology University,Kellogg 2013,Education,Intermediate,Kellogg 2013.pdf,145,151
DigiBooks Inc.,Kellogg 2013,Developing a new,Foundational,Kellogg 2013.pdf,152,157
After School Programming,Kellogg 2013,,Advanced,Kellogg 2013.pdf,158,167
Dark Sky Co.,Kellogg 2013,,Foundational,Kellogg 2013.pdf,168,174
Health Coaches,Kellogg 2013,Healthcare,Intermediate,Kellogg 2013.pdf,175,180
Are the costs associated with the DM program justified by the savings?,Kellogg 2013,Strategy,Intermediate,Kellogg 2013.pdf,176,180
Wine & Co.,Kellogg 2013,CPG,Intermediate,Kellogg 2013.pdf,181,185
Healthy Foods Co.,Kellogg 2013,CPG,Intermediate,Kellogg 2013.pdf,186,192
High Q Plastics,Kellogg 2013,Industrial Goods,Intermediate,Kellogg 2013.pdf,193,200
Salty Sole Shoe Co.,Kellogg 2013,Retail Apparel,Intermediate,Kellogg 2013.pdf,201,207
Plastic World,Kellogg 2013,Financial Services,Intermediate,Kellogg 2013.pdf,208,214
Zoo Co.,Kellogg 2013,Financial Services,Intermediate,Kellogg 2013.pdf,215,220
Money Bank Call Center,Kellogg 2013,,Foundational,Kellogg 2013.pdf,221,224
"nature of merger, nature of",Kellogg 2013,Strategy,Intermediate,Kellogg 2013.pdf,225,226
Thompson Healthcare,Kellogg 2013,Healthcare,Intermediate,Kellogg 2013.pdf,227,233
New York Yoga Studio,Wharton 2012,Strategy,Intermediate,Wharton 2012.pdf,27,32
Investment in PTA plant,Wharton 2012,Strategy,Intermediate,Wharton 2012.pdf,33,35
Zirgin Atlantic Airlines,Wharton 2012,Strategy,Intermediate,Wharton 2012.pdf,36,40
National zoo,Wharton 2012,Strategy,Intermediate,Wharton 2012.pdf,41,45
Electronic Machines Division Turnaround,Wharton 2012,Strategy,Intermediate,Wharton 2012.pdf,46,50
Due Diligence on Clothing Retail Specialist,Wharton 2012,Strategy,Intermediate,Wharton 2012.pdf,51,57
Snacks Manufacturer Defending Market,Wharton 2012,Strategy,Intermediate,Wharton 2012.pdf,58,62
Princeton-Plainsboro Hospital,Wharton 2012,Strategy,Intermediate,Wharton 2012.pdf,63,68
Eat Co. Profitability / Turnaround,Wharton 2012,Strategy,Intermediate,Wharton 2012.pdf,69,74
Beverage Manufacturer,Wharton 2012,Strategy,Intermediate,Wharton 2012.pdf,75,80
Wine Supply Chain,Wharton 2012,Strategy,Intermediate,Wharton 2012.pdf,81,87
Office Supply Stores,Wharton 2012,Strategy,Intermediate,Wharton 2012.pdf,88,93
RETAILER,Harvard 2012,Strategy,Intermediate,Harvard 2012.pdf,34,35
BUTCHER SHOP,Harvard 2012,Strategy,Intermediate,Harvard 2012.pdf,36,38
JUICE PRODUCER,Harvard 2012,Strategy,Intermediate,Harvard 2012.pdf,39,40
CHEMICAL MANUFACTURER ,Harvard 2012,Strategy,Intermediate,Harvard 2012.pdf,41,42
VIETIRE ,Harvard 2012,Strategy,Intermediate,Harvard 2012.pdf,43,44
WORLD VIEW,Harvard 2012,Strategy,Intermediate,Harvard 2012.pdf,45,46
LE SEINE ,Harvard 2012,Strategy,Intermediate,Harvard 2012.pdf,47,48
BEER BREW,Harvard 2012,Strategy,Intermediate,Harvard 2012.pdf,49,50
WHEELER DEALER,Harvard 2012,Strategy,Intermediate,Harvard 2012.pdf,51,52
TRAVEL AGENCY,Harvard 2012,Strategy,Intermediate,Harvard 2012.pdf,53,54
HOSPITAL,Harvard 2012,Strategy,Intermediate,Harvard 2012.pdf,55,57
E-GROCERY,Harvard 2012,Strategy,Intermediate,Harvard 2012.pdf,58,60
FORMULA PRODUCER,Harvard 2012,Strategy,Intermediate,Harvard 2012.pdf,61,63
PHARMACEUTICAL COMPANY ,Harvard 2012,Strategy,Intermediate,Harvard 2012.pdf,64,69
SCOTCH MANUFACTURER ,Harvard 2012,Strategy,Intermediate,Harvard 2012.pdf,70,78
REGIONAL JET CORPORATION ,Harvard 2012,Strategy,Intermediate,Harvard 2012.pdf,79,86
BRITISH TIMES ,Harvard 2012,Strategy,Intermediate,Harvard 2012.pdf,87,90
CHILDREN CLOTHES E-RETAILER ,Harvard 2012,Strategy,Intermediate,Harvard 2012.pdf,91,95
CONSUMER PRODUCTS,Harvard 2012,Strategy,Intermediate,Harvard 2012.pdf,96,97
THE VIDEO STORE,Harvard 2012,Strategy,Intermediate,Harvard 2012.pdf,98,101
THE ENGLISH CHURCH,Harvard 2012,Strategy,Intermediate,Harvard 2012.pdf,102,103
HBS AS A BUSINESS,Harvard 2012,Strategy,Intermediate,Harvard 2012.pdf,104,105
FAST FOOD RESTAURANT,Harvard 2012,Strategy,Intermediate,Harvard 2012.pdf,106,108
AUTOMOBILE PRODUCER,Harvard 2012,Strategy,Intermediate,Harvard 2012.pdf,109,110
Whisky Brand Turnaround,Wharton 2010,Strategy,Intermediate,Wharton 2010.pdf,50,55
Copper Ore Mining Investment,Wharton 2010,Strategy,Intermediate,Wharton 2010.pdf,56,60
Telecom Service Provider,Wharton 2010,Strategy,Intermediate,Wharton 2010.pdf,61,62
Major Magazine Publisher,Wharton 2010,Strategy,Intermediate,Wharton 2010.pdf,63,67
Tulsa Hotel - OK or not OK?,Wharton 2010,Strategy,Intermediate,Wharton 2010.pdf,68,73
The Coffee Grind,Wharton 2010,Strategy,Intermediate,Wharton 2010.pdf,74,80
FoodCo,Wharton 2010,Strategy,Intermediate,Wharton 2010.pdf,81,84
Candy Manufacturing,Wharton 2010,Strategy,Intermediate,Wharton 2010.pdf,85,92
Chickflix.com,Wharton 2010,profitability,Intermediate,Wharton 2010.pdf,93,102
Skedasky Farms,Wharton 2010,Strategy,Intermediate,Wharton 2010.pdf,103,107
University Apartments,Wharton 2010,Strategy,Intermediate,Wharton 2010.pdf,108,111
Vidi-Games,Wharton 2010,Strategy,Intermediate,Wharton 2010.pdf,112,117
Big School Bus Company,Wharton 2010,Strategy,Intermediate,Wharton 2010.pdf,118,122
American Beauty Company,Wharton 2010,Strategy,Intermediate,Wharton 2010.pdf,123,127
Electro Chargers,Wharton 2025,Strategy,Intermediate,Wharton 2025.pdf,82,95
Happy Bellies,Wharton 2025,Strategy,Advanced,Wharton 2025.pdf,96,97
"I. Background, Setup, and Recap",Wharton 2025,strikes,Intermediate,Wharton 2025.pdf,98,105
Happy Bellies - Exhibit A,Wharton 2025,average,Intermediate,Wharton 2025.pdf,106,107
Smart Radiators,Wharton 2025,Strategy,Intermediate,Wharton 2025.pdf,108,119
Compress and Expand,Wharton 2025,Industrial Goods,Intermediate,Wharton 2025.pdf,120,127
IV. Brainstorming,Wharton 2025,magazines,Intermediate,Wharton 2025.pdf,128,129
V. Synthesis and Recommendation,Wharton 2025,due to highest,Intermediate,Wharton 2025.pdf,130,132
PSU Bank Co.,Wharton 2025,Financial Services,Advanced,Wharton 2025.pdf,133,136
Case Questions,Wharton 2025,by different,Intermediate,Wharton 2025.pdf,137,139
IV. Brainstorming,Wharton 2025,in terms of diversity,Intermediate,Wharton 2025.pdf,140,141
IV. Math Exhibits & Analysis,Wharton 2025,in terms of performance,Intermediate,Wharton 2025.pdf,142,142
IV. Math Exhibits & Analysis,Wharton 2025,average,Intermediate,Wharton 2025.pdf,143,146
Fruit Drink Co.,Wharton 2025,Consumer Packaged Goods,Foundational,Wharton 2025.pdf,147,156
Race to the Bottom,Wharton 2025,Airlines,Intermediate,Wharton 2025.pdf,157,168
Coolant Co.,Wharton 2025,Consumer Electronics,Intermediate,Wharton 2025.pdf,169,180
Lux Rides,Wharton 2025,Strategy,Advanced,Wharton 2025.pdf,181,193
Slippery Soap,Wharton 2025,Consumer Goods,Foundational,Wharton 2025.pdf,194,204
Thomas the Tank,Wharton 2025,Strategy,Intermediate,Wharton 2025.pdf,205,211
Jurassic Vale,Wharton 2025,Entertainment,Intermediate,Wharton 2025.pdf,212,220
Timeless Comfort,Wharton 2025,Consumer Goods,Intermediate,Wharton 2025.pdf,221,230
Packaging Co.,Wharton 2025,Manufacturing,Intermediate,Wharton 2025.pdf,231,237
New Rubber Plant,Wharton 2025,Public Sector,Advanced,Wharton 2025.pdf,238,248
University Program,Wharton 2025,Education,Intermediate,Wharton 2025.pdf,249,259
Biopharma Outsourcing,Wharton 2025,Pharmaceuticals,Intermediate,Wharton 2025.pdf,260,266
Voter Turnout,Wharton 2025,Public Sector,Advanced,Wharton 2025.pdf,267,279
#1 Gift Wrapping Paper,Rotman 2026,"Consumer Products
Type",Intermediate,Rotman 2026.pdf,21,26
#2 Candy Manufacturer,Rotman 2026,"Consumer Products
Type",Intermediate,Rotman 2026.pdf,27,35
#3 Multipurpose Tool,Rotman 2026,"Consumer Products
Type",Intermediate,Rotman 2026.pdf,36,40
#4 Recreational Aircraft,Rotman 2026,Aircraft manufacturing,Intermediate,Rotman 2026.pdf,41,43
#5 Sheep Auction,Rotman 2026,"Other
Type",Intermediate,Rotman 2026.pdf,44,51
#6 Scotch Bar,Rotman 2026,"Travel & Leisure
Type",Intermediate,Rotman 2026.pdf,52,57
#7 American Beauty Company,Rotman 2026,"Consumer Products
Type",Intermediate,Rotman 2026.pdf,58,62
#8 Gas Station,Rotman 2026,"Consumer Products
Type",Intermediate,Rotman 2026.pdf,63,68
#9 Zoo Co,Rotman 2026,"Financial services
Type",Intermediate,Rotman 2026.pdf,69,75
#10 Brazilian Manufacturer,Rotman 2026,"Manufacturing
Type",Intermediate,Rotman 2026.pdf,76,82
#11 SPLAT!,Rotman 2026,"Consumer Products
Type",Intermediate,Rotman 2026.pdf,83,87
#12 HVAC Service Provider,Rotman 2026,"Energy
Type",Intermediate,Rotman 2026.pdf,88,91
#13 Vidi-Games,Rotman 2026,analysis and,Intermediate,Rotman 2026.pdf,92,98
#14 Molds R Us,Rotman 2026,"Consumer Products
Type",Intermediate,Rotman 2026.pdf,99,106
#15 The Coffee Grind,Rotman 2026,"Consumer Products
Type",Intermediate,Rotman 2026.pdf,107,115
#16 - Winter Olympics Bidding,Rotman 2026,Valuation,Intermediate,Rotman 2026.pdf,116,122
#17 Butcher Shop,Rotman 2026,"Manufacturing
Type",Intermediate,Rotman 2026.pdf,123,125
#18 Everlasting Light Bulb,Rotman 2026,"Consumer Goods
Type",Intermediate,Rotman 2026.pdf,126,129
#19 Vie Tire,Rotman 2026,"Consumer Goods
Type",Intermediate,Rotman 2026.pdf,130,133
#20 Megabank Under-Penetration,Rotman 2026,"Financial Services
Type",Intermediate,Rotman 2026.pdf,134,137
#21 Trains in Spain,Rotman 2026,"Transportation
Type",Intermediate,Rotman 2026.pdf,138,141
#22,Rotman 2026,"Financial Services
Type",Intermediate,Rotman 2026.pdf,142,146
#23 Upscale Restaurant,Rotman 2026,"Travel & Leisure
Type",Intermediate,Rotman 2026.pdf,147,151
#24 Jamaican Land Investment,Rotman 2026,Strategy,Intermediate,Rotman 2026.pdf,152,158
#25 Grape Control Systems,Rotman 2026,"Industrial Goods
Type",Intermediate,Rotman 2026.pdf,159,163
#26 New Rubber Plant Investment,Rotman 2026,"Industrial Goods
Type",Intermediate,Rotman 2026.pdf,164,170
#27 Wealth Management,Rotman 2026,"Financial Services
Type",Intermediate,Rotman 2026.pdf,171,179
#28 A+ Airline Co.,Rotman 2026,"Airline
Type",Intermediate,Rotman 2026.pdf,180,187
#29 Old Pharma,Rotman 2026,"Pharmaceuticals
Type
M&A",Intermediate,Rotman 2026.pdf,188,196
#30 Grocer Co.,Rotman 2026,"Consumer Goods
Type",Intermediate,Rotman 2026.pdf,197,204
#31 Electronics Retailer,Rotman 2026,"Retail
Type",Intermediate,Rotman 2026.pdf,205,209
#32 Frontier Adventure Racing Inc.,Rotman 2026,"Travel & Leisure
Type",Intermediate,Rotman 2026.pdf,210,216
#33 Competitive Threat in Cookies,Rotman 2026,"Consumer Products
Type",Intermediate,Rotman 2026.pdf,217,223
#34 Bell Computer Co,Rotman 2026,"Technology
Type",Intermediate,Rotman 2026.pdf,224,233
#35 Sheep Of Wall Street Co.‚Äã,Rotman 2026,"Financial services 
Type",Intermediate,Rotman 2026.pdf,234,242
#36 Webflix,Rotman 2026,Pricing Strategy,Intermediate,Rotman 2026.pdf,243,251
#37 Death Valley Energy,Rotman 2026,"ESG
Type",Intermediate,Rotman 2026.pdf,252,260
#38 Beer Burger,Rotman 2026,"ESG
Type",Intermediate,Rotman 2026.pdf,261,269
#39 Mayor Of Maine,Rotman 2026,"Public Sector
Type",Intermediate,Rotman 2026.pdf,270,279
#40 Doctors Within US Borders,Rotman 2026,"Market Study –
Growth",Intermediate,Rotman 2026.pdf,280,288
#41 TIKTAC CO,Rotman 2026,"Tech
Type",Intermediate,Rotman 2026.pdf,289,297
#42 Whatcha Say Research‚Äã,Rotman 2026,"Tech
Type",Intermediate,Rotman 2026.pdf,298,306
#43 Phuture,Rotman 2026,"Tech
Type",Intermediate,Rotman 2026.pdf,307,316
#44 Cloudforce,Rotman 2026,"Tech
Type",Intermediate,Rotman 2026.pdf,317,325
EnerForce,NYU Stern 2016,Energy,Intermediate,NYU Stern 2016.pdf,34,44
Drug Profitability,NYU Stern 2016,Pharma,Advanced,NYU Stern 2016.pdf,45,53
Regional Jet Market,NYU Stern 2016,Airlines,Intermediate,NYU Stern 2016.pdf,54,63
BankCo Online Banking,NYU Stern 2016,"Consumer 
Banking",Advanced,NYU Stern 2016.pdf,64,71
Made to Measure,NYU Stern 2016,Leatherworking,Foundational,NYU Stern 2016.pdf,72,78
Sunshine Power,NYU Stern 2016,Profitability,Intermediate,NYU Stern 2016.pdf,79,85
Beijing International Airport,NYU Stern 2016,"M&A 
Fit Questions",Intermediate,NYU Stern 2016.pdf,86,90
Grad-U-Date,NYU Stern 2016,"Online 
Dating",Intermediate,NYU Stern 2016.pdf,91,99
A Sticky Paper Situation,NYU Stern 2016,"Paper and 
Pulp",Advanced,NYU Stern 2016.pdf,100,105
Sports Bar,NYU Stern 2016,"Food 
Services",Intermediate,NYU Stern 2016.pdf,106,112
A PE and a Soda,NYU Stern 2016,"Private 
Equity",Intermediate,NYU Stern 2016.pdf,113,119
Botox,NYU Stern 2016,Pharma,Intermediate,NYU Stern 2016.pdf,120,126
Bike Helmets,NYU Stern 2016,Manufacturing,Foundational,NYU Stern 2016.pdf,127,131
Skin Care Market (Deloitte),NYU Stern 2016,Cosmetics,Intermediate,NYU Stern 2016.pdf,132,137
Great Burger (McKinsey),NYU Stern 2016,Fast Food,Advanced,NYU Stern 2016.pdf,138,146
Cosmetics Company (Capgemini),NYU Stern 2016,Strategy,Intermediate,NYU Stern 2016.pdf,147,156
